DB04571,DB00460,1
DB00855,DB00460,1
DB09536,DB00460,1
DB01600,DB00460,1
DB09000,DB00460,1
DB11630,DB00460,1
DB00553,DB00460,1
DB06261,DB00460,1
DB01878,DB00460,1
DB00140,DB00460,1
DB00821,DB00460,1
DB08897,DB11315,2
DB08897,DB00424,2
DB00670,DB06148,2
DB01116,DB06148,2
DB00391,DB00517,2
DB09076,DB01090,2
DB01071,DB01168,2
DB00391,DB00462,2
DB08897,DB00732,2
DB01409,DB00810,2
DB00986,DB00332,2
DB00434,DB00805,2
DB00391,DB00670,2
DB01409,DB00496,2
DB08897,DB01409,2
DB06153,DB00182,2
DB09076,DB06702,2
DB01409,DB00967,2
DB00391,DB00219,2
DB00366,DB01037,2
DB00986,DB00670,2
DB00517,DB06148,2
DB09076,DB01339,2
DB00283,DB01247,2
DB00986,DB01090,2
DB00366,DB01168,2
DB08897,DB00387,2
DB00387,DB06148,2
DB01409,DB01036,2
DB00657,DB06148,2
DB08897,DB01090,2
DB01591,DB06148,2
DB09076,DB00572,2
DB08897,DB00940,2
DB09076,DB09300,2
DB00434,DB01247,2
DB00782,DB06148,2
DB00986,DB00732,2
DB08897,DB00782,2
DB00986,DB01116,2
DB09076,DB00670,2
DB00366,DB01247,2
DB01409,DB01591,2
DB00986,DB00747,2
DB00986,DB00517,2
DB00366,DB00182,2
DB01071,DB09244,2
DB00391,DB09076,2
DB00391,DB01591,2
DB01071,DB00780,2
DB00986,DB01199,2
DB00434,DB01037,2
DB00986,DB01591,2
DB08897,DB00332,2
DB01090,DB06148,2
DB09076,DB08897,2
DB00434,DB01171,2
DB00391,DB01199,2
DB09076,DB00387,2
DB00366,DB01367,2
DB00391,DB00209,2
DB00391,DB00732,2
DB09076,DB00332,2
DB00283,DB00614,2
DB00391,DB00908,2
DB09076,DB00483,2
DB11315,DB06148,2
DB08897,DB00517,2
DB08897,DB12278,2
DB00986,DB00908,2
DB00391,DB01116,2
DB08897,DB06148,2
DB01409,DB00462,2
DB01409,DB00657,2
DB00283,DB09244,2
DB00986,DB12278,2
DB09076,DB11315,2
DB00986,DB00424,2
DB00219,DB06148,2
DB01409,DB06702,2
DB00391,DB00782,2
DB01409,DB00376,2
DB00424,DB06148,2
DB00366,DB09244,2
DB06153,DB00752,2
DB00340,DB06148,2
DB00986,DB00572,2
DB00986,DB01062,2
DB00986,DB00219,2
DB01409,DB00986,2
DB08897,DB00209,2
DB06153,DB00614,2
DB08897,DB01036,2
DB00366,DB09241,2
DB09076,DB01036,2
DB01071,DB00805,2
DB06153,DB01171,2
DB09076,DB00209,2
DB08897,DB06702,2
DB00391,DB00332,2
DB09076,DB00376,2
DB01409,DB00908,2
DB01071,DB01171,2
DB00986,DB00915,2
DB12278,DB06148,2
DB01409,DB00387,2
DB00434,DB01168,2
DB00391,DB00967,2
DB08897,DB01338,2
DB08897,DB01339,2
DB09076,DB00657,2
DB00376,DB06148,2
DB01409,DB00392,2
DB00986,DB01338,2
DB01409,DB00782,2
DB01339,DB06148,2
DB01409,DB00572,2
DB09076,DB00809,2
DB01409,DB01090,2
DB00283,DB00805,2
DB00366,DB09245,2
DB00434,DB00752,2
DB09076,DB00908,2
DB00283,DB01171,2
DB01409,DB00209,2
DB01409,DB06148,2
DB08897,DB09300,2
DB00391,DB00424,2
DB01409,DB11315,2
DB08897,DB00986,2
DB01338,DB06148,2
DB08897,DB00219,2
DB06153,DB01168,2
DB00391,DB01338,2
DB01409,DB00332,2
DB00391,DB01339,2
DB08897,DB00747,2
DB00434,DB00182,2
DB00986,DB00209,2
DB00986,DB01173,2
DB00366,DB00752,2
DB01173,DB06148,2
DB00366,DB00614,2
DB13595,DB00741,3
DB09275,DB00223,3
DB01390,DB00288,3
DB01377,DB02187,3
DB06723,DB00253,3
DB09281,DB01410,3
DB13595,DB00896,3
DB09104,DB09095,3
DB09104,DB09091,3
DB06724,DB00896,3
DB08938,DB00394,3
DB08938,DB00764,3
DB03754,DB01234,3
DB09104,DB00591,3
DB09104,DB00596,3
DB03754,DB00635,3
DB13595,DB00443,3
DB08938,DB00620,3
DB06724,DB01260,3
DB06724,DB13158,3
DB03754,DB00223,3
DB13595,DB06786,3
DB13595,DB06781,3
DB06723,DB11921,3
DB06723,DB00223,3
DB09275,DB11921,3
DB06723,DB00655,3
DB09104,DB00180,3
DB01370,DB01130,3
DB01390,DB00860,3
DB06723,DB01708,3
DB01377,DB00588,3
DB03754,DB06781,3
DB09104,DB00620,3
DB06724,DB08905,3
DB09104,DB00741,3
DB01377,DB00180,3
DB09275,DB01384,3
DB09275,DB01380,3
DB01370,DB00547,3
DB09104,DB08905,3
DB09104,DB08906,3
DB09275,DB00596,3
DB01370,DB00896,3
DB09281,DB08971,3
DB01390,DB06781,3
DB01377,DB00635,3
DB06724,DB00443,3
DB03754,DB00253,3
DB08938,DB00860,3
DB06724,DB11921,3
DB06724,DB04574,3
DB01377,DB00288,3
DB08938,DB00547,3
DB01377,DB01234,3
DB09281,DB01222,3
DB08938,DB08906,3
DB08938,DB08905,3
DB01370,DB01260,3
DB03754,DB00896,3
DB03754,DB00959,3
DB09275,DB00180,3
DB13595,DB01130,3
DB08938,DB01047,3
DB09281,DB00324,3
DB09275,DB09091,3
DB09275,DB09095,3
DB09281,DB01130,3
DB13595,DB00663,3
DB01370,DB00223,3
DB06723,DB00687,3
DB09275,DB00591,3
DB09281,DB06786,3
DB06723,DB00860,3
DB09275,DB00324,3
DB01377,DB09091,3
DB09281,DB06781,3
DB01390,DB00635,3
DB01390,DB00223,3
DB08938,DB08971,3
DB06723,DB13158,3
DB01390,DB00180,3
DB09281,DB09091,3
DB09281,DB09095,3
DB06724,DB00591,3
DB06724,DB00596,3
DB09104,DB01380,3
DB09104,DB01384,3
DB01377,DB06786,3
DB09281,DB01260,3
DB06724,DB00394,3
DB08938,DB00896,3
DB06723,DB00591,3
DB01377,DB00547,3
DB06723,DB00596,3
DB09281,DB00588,3
DB01370,DB11921,3
DB13595,DB00846,3
DB09104,DB00253,3
DB06724,DB00687,3
DB13595,DB00240,3
DB00673,DB00812,4
DB00238,DB08918,4
DB00849,DB00924,4
DB00312,DB04946,4
DB01351,DB00091,4
DB01174,DB00904,4
DB01174,DB00907,4
DB01174,DB00906,4
DB00794,DB01221,4
DB00312,DB01062,4
DB00252,DB00759,4
DB01045,DB01708,4
DB01045,DB06282,4
DB00418,DB01259,4
DB00564,DB01177,4
DB01045,DB08910,4
DB00794,DB00843,4
DB01201,DB01008,4
DB01201,DB01009,4
DB01201,DB09297,4
DB00312,DB11613,4
DB01201,DB01002,4
DB00252,DB00481,4
DB01201,DB01006,4
DB00794,DB09230,4
DB01220,DB00682,4
DB00238,DB01006,4
DB01320,DB01349,4
DB00794,DB08992,4
DB01351,DB00540,4
DB00165,DB00849,4
DB00252,DB00567,4
DB01351,DB00543,4
DB00673,DB06737,4
DB00673,DB06736,4
DB00559,DB01076,4
DB00418,DB00188,4
DB01154,DB00316,4
DB00564,DB00842,4
DB01045,DB01392,4
DB01351,DB01151,4
DB00418,DB00091,4
DB01045,DB01396,4
DB00418,DB00544,4
DB00615,DB01194,4
DB00418,DB00549,4
DB00418,DB00936,4
DB00252,DB08893,4
DB00312,DB04743,4
DB00252,DB00177,4
DB00474,DB09289,4
DB00794,DB06708,4
DB00312,DB00531,4
DB01045,DB01173,4
DB00564,DB00503,4
DB00564,DB00502,4
DB00607,DB09090,4
DB01201,DB01708,4
DB00238,DB01200,4
DB01201,DB01136,4
DB01320,DB00987,4
DB01320,DB00980,4
DB01201,DB01131,4
DB01201,DB01132,4
DB01320,DB00983,4
DB00238,DB00332,4
DB00794,DB00490,4
DB01174,DB01435,4
DB01201,DB01138,4
DB00312,DB00906,4
DB00252,DB06145,4
DB00252,DB06144,4
DB00418,DB00328,4
DB00418,DB01544,4
DB00418,DB00327,4
DB01174,DB01183,4
DB00418,DB00321,4
DB09280,DB00674,4
DB00564,DB01431,4
DB00615,DB08877,4
DB00564,DB01435,4
DB00312,DB00224,4
DB00312,DB00227,4
DB01045,DB01085,4
DB00312,DB00997,4
DB00312,DB00220,4
DB00564,DB00433,4
DB00418,DB00916,4
DB00564,DB01218,4
DB00564,DB01219,4
DB00312,DB09227,4
DB01201,DB00193,4
DB00794,DB01065,4
DB01201,DB00199,4
DB00564,DB01215,4
DB01201,DB00356,4
DB00794,DB00812,4
DB00564,DB00347,4
DB00564,DB00346,4
DB00564,DB00344,4
DB00794,DB00818,4
DB00238,DB01114,4
DB00564,DB00349,4
DB00794,DB09289,4
DB00238,DB01110,4
DB01201,DB00359,4
DB01201,DB00358,4
DB01320,DB01002,4
DB00794,DB06725,4
DB01201,DB01222,4
DB00238,DB00425,4
DB01320,DB01006,4
DB00238,DB00420,4
DB01201,DB01227,4
DB00400,DB00890,4
DB01201,DB01229,4
DB00238,DB05351,4
DB01320,DB01009,4
DB00794,DB01075,4
DB00794,DB01074,4
DB00794,DB01076,4
DB00252,DB00757,4
DB01220,DB00849,4
DB00165,DB01351,4
DB00418,DB01124,4
DB00165,DB01355,4
DB00794,DB00977,4
DB00252,DB00724,4
DB01355,DB07615,4
DB00794,DB01431,4
DB00312,DB09078,4
DB01174,DB01589,4
DB01174,DB08910,4
DB01045,DB01355,4
DB01174,DB11915,4
DB00418,DB01218,4
DB01045,DB01351,4
DB01174,DB08918,4
DB01220,DB00794,4
DB09280,DB11737,4
DB00238,DB00655,4
DB09280,DB00612,4
DB00312,DB01409,4
DB01201,DB08868,4
DB09280,DB00615,4
DB00564,DB01026,4
DB00607,DB00890,4
DB01220,DB00266,4
DB00238,DB00199,4
DB00564,DB00185,4
DB00421,DB01366,5
DB01162,DB00871,5
DB00421,DB01364,5
DB00421,DB01365,5
DB06207,DB01366,5
DB06207,DB00368,5
DB06207,DB01364,5
DB01162,DB00723,5
DB06207,DB01274,5
DB01136,DB00938,5
DB00421,DB09080,5
DB06207,DB01407,5
DB00598,DB00610,5
DB00421,DB00697,5
DB00706,DB06262,5
DB01162,DB01407,5
DB00346,DB00751,5
DB06207,DB08941,5
DB00346,DB00388,5
DB00421,DB01001,5
DB00590,DB09080,5
DB00421,DB00938,5
DB00457,DB06711,5
DB00421,DB04948,5
DB00706,DB00852,5
DB00421,DB00629,5
DB00457,DB00852,5
DB00346,DB00867,5
DB00598,DB01274,5
DB06207,DB00935,5
DB00457,DB01274,5
DB01162,DB00211,5
DB06207,DB00938,5
DB00346,DB00935,5
DB00706,DB00368,5
DB00598,DB00751,5
DB01162,DB06711,5
DB06207,DB01288,5
DB01162,DB00449,5
DB00421,DB00388,5
DB01162,DB00841,5
DB06207,DB01001,5
DB00706,DB01366,5
DB01136,DB00751,5
DB01162,DB06262,5
DB00457,DB00388,5
DB06207,DB00668,5
DB06207,DB00983,5
DB06207,DB00629,5
DB00346,DB00723,5
DB06207,DB08957,5
DB00346,DB00449,5
DB00457,DB00983,5
DB00421,DB00610,5
DB00598,DB00221,5
DB00706,DB00841,5
DB00421,DB01018,5
DB00457,DB00867,5
DB00590,DB01102,5
DB00590,DB00935,5
DB00346,DB00852,5
DB01136,DB01291,5
DB00457,DB06262,5
DB06207,DB00575,5
DB00706,DB01274,5
DB00421,DB00696,5
DB01136,DB00723,5
DB00346,DB00368,5
DB01136,DB01364,5
DB00346,DB00397,5
DB00457,DB00221,5
DB00346,DB01288,5
DB01162,DB09080,5
DB00421,DB00397,5
DB00590,DB00816,5
DB00346,DB06152,5
DB00706,DB00938,5
DB01069,DB00668,5
DB00346,DB01001,5
DB06207,DB06152,5
DB06207,DB00852,5
DB01136,DB00816,5
DB06207,DB01018,5
DB00457,DB01001,5
DB00706,DB00935,5
DB00457,DB01064,5
DB00457,DB00696,5
DB00590,DB00397,5
DB01136,DB08957,5
DB00421,DB08941,5
DB00421,DB01274,5
DB06207,DB00388,5
DB00706,DB01001,5
DB00457,DB00871,5
DB06207,DB04948,5
DB00346,DB00841,5
DB00598,DB08957,5
DB00706,DB06152,5
DB01136,DB01102,5
DB01136,DB00610,5
DB00706,DB06711,5
DB01162,DB00397,5
DB00421,DB00968,5
DB00421,DB00841,5
DB00706,DB01288,5
DB06605,DB00686,6
DB00682,DB01118,6
DB00975,DB09283,6
DB00682,DB00924,6
DB06605,DB00688,6
DB00244,DB00233,6
DB06228,DB00278,6
DB06605,DB01024,6
DB00946,DB00672,6
DB00946,DB00671,6
DB00682,DB01296,6
DB00278,DB00972,6
DB00946,DB00675,6
DB00006,DB06736,6
DB00006,DB06739,6
DB00498,DB00812,6
DB06695,DB09218,6
DB06228,DB00788,6
DB00498,DB00814,6
DB00278,DB05676,6
DB09075,DB00573,6
DB01418,DB01118,6
DB00946,DB04951,6
DB00266,DB00948,6
DB01418,DB01112,6
DB00974,DB00749,6
DB00682,DB01283,6
DB00946,DB00773,6
DB00946,DB01076,6
DB06441,DB09030,6
DB00974,DB00744,6
DB00975,DB04743,6
DB00974,DB00963,6
DB00498,DB00252,6
DB00208,DB05266,6
DB00498,DB00254,6
DB00682,DB01112,6
DB00006,DB01399,6
DB00266,DB01435,6
DB06228,DB00870,6
DB00682,DB00370,6
DB00682,DB01208,6
DB00569,DB06209,6
DB00682,DB00374,6
DB08994,DB05266,6
DB00974,DB00569,6
DB06154,DB00233,6
DB00682,DB01207,6
DB01418,DB06412,6
DB00498,DB00924,6
DB00498,DB00923,6
DB04898,DB05676,6
DB06228,DB00784,6
DB06441,DB01254,6
DB00775,DB05266,6
DB01418,DB00370,6
DB01418,DB01208,6
DB00278,DB08991,6
DB01418,DB00374,6
DB00946,DB00578,6
DB00946,DB01250,6
DB00946,DB01251,6
DB01418,DB01207,6
DB00946,DB01254,6
DB00498,DB05266,6
DB00006,DB06737,6
DB00682,DB05266,6
DB00006,DB08976,6
DB12598,DB00775,6
DB01418,DB00975,6
DB01418,DB00974,6
DB08814,DB02709,6
DB01418,DB00972,6
DB04272,DB04552,6
DB00278,DB08994,6
DB00974,DB00412,6
DB00974,DB01254,6
DB00974,DB08954,6
DB00498,DB00817,6
DB01418,DB00578,6
DB01418,DB04918,6
DB01418,DB00573,6
DB04272,DB04951,6
DB00278,DB08976,6
DB06605,DB09543,6
DB06695,DB07615,6
DB00682,DB08954,6
DB00682,DB00795,6
DB00266,DB01097,6
DB00266,DB01098,6
DB00498,DB09167,6
DB04272,DB06802,6
DB00266,DB00321,6
DB00682,DB08887,6
DB01418,DB00795,6
DB06695,DB00469,6
DB09075,DB06605,6
DB00498,DB01039,6
DB00412,DB09283,6
DB00569,DB08814,6
DB04898,DB01236,6
DB06228,DB01207,6
DB04898,DB00328,6
DB00006,DB00179,6
DB06695,DB00945,6
DB06695,DB00946,6
DB00569,DB09216,6
DB00569,DB09215,6
DB00006,DB00261,6
DB00682,DB06802,6
DB00412,DB04743,6
DB00498,DB00744,6
DB00498,DB00749,6
DB00266,DB01166,6
DB00261,DB01254,6
DB00498,DB00768,6
DB00278,DB00963,6
DB09075,DB00210,6
DB01418,DB06802,6
DB00278,DB06736,6
DB00278,DB06737,6
DB00278,DB06739,6
DB01418,DB08795,6
DB00974,DB00806,6
DB00266,DB00412,6
DB00958,DB03615,7
DB00958,DB00445,7
DB00903,DB00695,7
DB00958,DB00997,7
DB00958,DB00385,7
DB00958,DB01172,7
DB00958,DB01082,7
DB00958,DB00479,7
DB00958,DB01177,7
DB00958,DB06810,7
DB00958,DB00798,7
DB00958,DB00428,7
DB00958,DB06696,7
DB00958,DB01578,7
DB00958,DB00694,7
DB00958,DB01421,7
DB00958,DB00955,7
DB00958,DB00684,7
DB00958,DB00452,7
DB00958,DB00919,7
DB00230,DB01100,8
DB00230,DB00458,8
DB00230,DB01106,8
DB01037,DB00295,8
DB00230,DB01588,8
DB00230,DB01589,8
DB00230,DB01587,8
DB00230,DB13872,8
DB09270,DB01016,8
DB00230,DB01580,8
DB09270,DB00419,8
DB00230,DB12532,8
DB00230,DB00356,8
DB00230,DB01189,8
DB00230,DB01065,8
DB09270,DB00222,8
DB00230,DB00295,8
DB00230,DB00297,8
DB00230,DB01466,8
DB00230,DB01463,8
DB00230,DB00292,8
DB00230,DB00750,8
DB00230,DB00752,8
DB00230,DB00753,8
DB09270,DB00672,8
DB00230,DB01501,8
DB09270,DB06203,8
DB00805,DB00295,8
DB09270,DB01252,8
DB00230,DB00967,8
DB00230,DB00409,8
DB00230,DB00844,8
DB00230,DB09286,8
DB00230,DB00281,8
DB00230,DB01069,8
DB00230,DB09009,8
DB00230,DB00193,8
DB00230,DB00652,8
DB00230,DB00206,8
DB00230,DB00907,8
DB00230,DB01142,8
DB00230,DB01075,8
DB00230,DB00683,8
DB00230,DB01242,8
DB00230,DB00807,8
DB00230,DB13323,8
DB09270,DB01124,8
DB00230,DB00768,8
DB00230,DB00176,8
DB09270,DB01120,8
DB00230,DB00283,8
DB00230,DB00454,8
DB00230,DB00363,8
DB00230,DB01178,8
DB09270,DB06335,8
DB00263,DB00599,8
DB00230,DB04908,8
DB00230,DB09017,8
DB09270,DB00731,8
DB00230,DB00972,8
DB00230,DB00875,8
DB00230,DB08910,8
DB00230,DB01238,8
DB01247,DB00295,8
DB00230,DB00298,8
DB00230,DB00475,8
DB00230,DB01018,8
DB00230,DB00477,8
DB09270,DB00839,8
DB00230,DB00897,8
DB00230,DB01002,8
DB00230,DB00899,8
DB00230,DB06216,8
DB00230,DB09225,8
DB00230,DB13025,8
DB00230,DB01161,8
DB09270,DB01132,8
DB01408,DB00202,8
DB00230,DB00831,8
DB09244,DB00295,8
DB00230,DB00771,8
DB00230,DB01236,8
DB00230,DB00296,8
DB00230,DB01081,8
DB00230,DB01563,8
DB00230,DB06594,8
DB00230,DB01086,8
DB09270,DB00412,8
DB00230,DB00575,8
DB00230,DB00679,8
DB00230,DB11148,8
DB09270,DB00284,8
DB00230,DB01545,8
DB00230,DB00427,8
DB00230,DB06690,8
DB09270,DB00491,8
DB00182,DB00295,8
DB00230,DB09085,8
DB00230,DB01551,8
DB09270,DB09038,8
DB00230,DB01621,8
DB00230,DB00588,8
DB00230,DB01151,8
DB00230,DB06738,8
DB00230,DB01154,8
DB00230,DB01227,8
DB00230,DB04842,8
DB00230,DB01224,8
DB00230,DB04844,8
DB00230,DB01221,8
DB00230,DB09128,8
DB00230,DB00660,8
DB01171,DB00295,8
DB00230,DB00950,8
DB00230,DB00818,8
DB00230,DB00690,8
DB00230,DB08987,8
DB00230,DB00708,8
DB00230,DB00813,8
DB00230,DB00540,8
DB00230,DB00543,8
DB01367,DB00295,8
DB09270,DB01251,8
DB00230,DB00961,8
DB00230,DB08872,8
DB00230,DB09166,8
DB00230,DB00508,8
DB00230,DB00318,8
DB00230,DB00494,8
DB00752,DB00295,8
DB00230,DB00474,8
DB00230,DB00312,8
DB00780,DB00295,8
DB00230,DB01028,8
DB00230,DB01209,8
DB00230,DB01159,8
DB09270,DB04876,8
DB00230,DB01239,8
DB00614,DB00295,8
DB00230,DB01235,8
DB00468,DB01044,9
DB00834,DB00914,9
DB00491,DB00182,9
DB00222,DB01247,9
DB00912,DB00805,9
DB01261,DB09543,9
DB00263,DB04878,9
DB00731,DB01261,9
DB06203,DB01044,9
DB00839,DB00104,9
DB00672,DB00636,9
DB00834,DB01247,9
DB06335,DB01044,9
DB01261,DB00487,9
DB01067,DB11079,9
DB09038,DB00621,9
DB00468,DB01137,9
DB09038,DB00624,9
DB00834,DB00621,9
DB01067,DB01185,9
DB01132,DB04896,9
DB01016,DB01297,9
DB00738,DB00280,9
DB00672,DB00960,9
DB09038,DB00805,9
DB00222,DB01044,9
DB00222,DB01110,9
DB01016,DB01044,9
DB00263,DB04896,9
DB01251,DB00866,9
DB01067,DB00104,9
DB00359,DB01014,9
DB00280,DB00624,9
DB09038,DB00936,9
DB00839,DB08907,9
DB01268,DB06203,9
DB01067,DB00636,9
DB06335,DB06718,9
DB00912,DB00752,9
DB06335,DB06710,9
DB08907,DB00805,9
DB00672,DB00914,9
DB00839,DB01626,9
DB00912,DB01626,9
DB01016,DB01136,9
DB01016,DB01137,9
DB01200,DB01014,9
DB01067,DB08918,9
DB01120,DB01044,9
DB06335,DB09245,9
DB06335,DB09244,9
DB01016,DB01420,9
DB00280,DB00491,9
DB01268,DB08804,9
DB01120,DB01261,9
DB00738,DB01626,9
DB00222,DB00571,9
DB01124,DB01076,9
DB00738,DB00621,9
DB00738,DB00624,9
DB00412,DB00472,9
DB00839,DB00467,9
DB00412,DB00476,9
DB00839,DB00468,9
DB00912,DB08907,9
DB06791,DB00468,9
DB01016,DB04896,9
DB01200,DB08804,9
DB00738,DB09543,9
DB06292,DB00685,9
DB00738,DB00752,9
DB00359,DB00419,9
DB01120,DB00222,9
DB00359,DB09241,9
DB01067,DB00960,9
DB00359,DB09244,9
DB00912,DB04876,9
DB00912,DB04878,9
DB00412,DB01059,9
DB00672,DB00780,9
DB09034,DB00344,16
DB09034,DB00433,16
DB01221,DB00366,16
DB09034,DB00349,16
DB01002,DB09072,16
DB00892,DB06204,16
DB00802,DB06204,16
DB09117,DB01437,16
DB01173,DB00835,16
DB00898,DB00794,16
DB01433,DB08883,16
DB00344,DB06204,16
DB00972,DB00206,16
DB00956,DB06594,16
DB00555,DB06204,16
DB00425,DB06216,16
DB01041,DB01075,16
DB01041,DB00588,16
DB00898,DB00897,16
DB00972,DB00807,16
DB00898,DB00371,16
DB00933,DB00484,16
DB00892,DB01017,16
DB00933,DB00486,16
DB11148,DB00486,16
DB01100,DB00484,16
DB01452,DB09072,16
DB01501,DB01017,16
DB12532,DB09072,16
DB00366,DB01017,16
DB00241,DB00653,16
DB00708,DB00470,16
DB01320,DB00366,16
DB00921,DB00334,16
DB00748,DB08883,16
DB00898,DB04842,16
DB00370,DB00933,16
DB00956,DB01041,16
DB00972,DB13323,16
DB01433,DB06204,16
DB00477,DB00653,16
DB09017,DB06204,16
DB00835,DB00557,16
DB00370,DB04953,16
DB00950,DB00484,16
DB09117,DB00708,16
DB00950,DB00486,16
DB06594,DB00653,16
DB01041,DB01215,16
DB09034,DB00611,16
DB09034,DB00237,16
DB09117,DB00252,16
DB00898,DB00241,16
DB00898,DB00246,16
DB00370,DB01353,16
DB09034,DB00230,16
DB09034,DB00231,16
DB00753,DB09072,16
DB09034,DB00721,16
DB09345,DB09072,16
DB01176,DB06204,16
DB00752,DB09072,16
DB09034,DB00726,16
DB06144,DB00557,16
DB00494,DB09072,16
DB00898,DB00906,16
DB11609,DB00470,16
DB00835,DB00486,16
DB00956,DB01161,16
DB00835,DB00484,16
DB00425,DB01595,16
DB04908,DB00557,16
DB00557,DB09072,16
DB00593,DB09072,16
DB09117,DB00734,16
DB09034,DB01440,16
DB00458,DB00450,16
DB01041,DB01544,16
DB00555,DB00470,16
DB01041,DB00924,16
DB01142,DB08883,16
DB09034,DB09224,16
DB09034,DB00750,16
DB01580,DB00470,16
DB01068,DB00557,16
DB00897,DB00486,16
DB00972,DB01224,16
DB00897,DB00484,16
DB00370,DB00801,16
DB08922,DB00470,16
DB00921,DB01267,16
DB00972,DB00292,16
DB00370,DB00807,16
DB00297,DB00484,16
DB00660,DB00366,16
DB00907,DB00653,16
DB12532,DB00653,16
DB09117,DB06738,16
DB01356,DB09072,16
DB01041,DB01320,16
DB09117,DB00892,16
DB09118,DB01017,16
DB00898,DB00334,16
DB09117,DB00897,16
DB00425,DB00906,16
DB09068,DB00653,16
DB09034,DB00656,16
DB09117,DB00899,16
DB06153,DB09072,16
DB00333,DB00366,16
DB09034,DB00652,16
DB09034,DB00653,16
DB00370,DB00246,16
DB00747,DB00484,16
DB01403,DB06594,16
DB09117,DB06288,16
DB00370,DB00241,16
DB00246,DB00484,16
DB06216,DB00470,16
DB00802,DB00470,16
DB01356,DB00484,16
DB09117,DB06282,16
DB00427,DB01017,16
DB00425,DB01178,16
DB09068,DB00470,16
DB00356,DB00470,16
DB00956,DB00484,16
DB00813,DB00366,16
DB09117,DB00875,16
DB01403,DB00835,16
DB01403,DB00831,16
DB01041,DB01065,16
DB00921,DB01219,16
DB01173,DB01106,16
DB01173,DB01100,16
DB00909,DB00484,16
DB00425,DB00754,16
DB00708,DB00653,16
DB00370,DB00363,16
DB00934,DB00450,16
DB01403,DB00543,16
DB01403,DB00540,16
DB00425,DB00753,16
DB01403,DB01017,16
DB00370,DB01227,16
DB00370,DB01224,16
DB01403,DB04844,16
DB09034,DB06153,16
DB00370,DB01221,16
DB00370,DB00333,16
DB00333,DB01567,16
DB00425,DB09342,16
DB00273,DB06204,16
DB00898,DB01114,16
DB00897,DB00557,16
DB01403,DB01018,16
DB01355,DB08883,16
DB00844,DB00450,16
DB01433,DB00450,16
DB01403,DB01239,16
DB01403,DB01238,16
DB01403,DB01236,16
DB01403,DB01235,16
DB04953,DB00450,16
DB00921,DB09128,16
DB01041,DB00625,16
DB01173,DB00679,16
DB00813,DB00450,16
DB00540,DB01017,16
DB01041,DB00623,16
DB01618,DB06204,16
DB00344,DB00557,16
DB09034,DB00405,16
DB06288,DB00366,16
DB01041,DB00628,16
DB00420,DB00484,16
DB00802,DB00557,16
DB01403,DB09224,16
DB01041,DB06288,16
DB00898,DB00835,16
DB01176,DB08883,16
DB00434,DB00484,16
DB01618,DB00653,16
DB01242,DB06204,16
DB00972,DB00193,16
DB00555,DB00653,16
DB00645,DB00366,16
DB01403,DB00726,16
DB00924,DB08883,16
DB01041,DB01192,16
DB00425,DB01624,16
DB01173,DB01215,16
DB00921,DB01452,16
DB01041,DB01198,16
DB01018,DB09072,16
DB09224,DB08883,16
DB04908,DB09072,16
DB00899,DB08883,16
DB00996,DB01397,16
DB00950,DB06204,16
DB09224,DB00557,16
DB00921,DB00494,16
DB00921,DB00327,16
DB00921,DB00321,16
DB00921,DB00490,16
DB00956,DB00909,16
DB00956,DB00906,16
DB00956,DB00907,16
DB00956,DB00904,16
DB04844,DB00484,16
DB00956,DB01202,16
DB00370,DB00660,16
DB01356,DB00450,16
DB00497,DB00450,16
DB00231,DB06204,16
DB00425,DB00349,16
DB01615,DB06204,16
DB00611,DB00653,16
DB09034,DB00996,16
DB00425,DB00341,16
DB00425,DB01219,16
DB00904,DB06825,20
DB01267,DB00503,20
DB09078,DB00927,20
DB01182,DB01591,20
DB00420,DB09082,20
DB00420,DB09083,20
DB00420,DB09080,20
DB00218,DB01036,20
DB01211,DB00757,20
DB01211,DB00753,20
DB01184,DB04953,20
DB00472,DB01075,20
DB00207,DB00871,20
DB00489,DB08903,20
DB00199,DB01236,20
DB00199,DB01233,20
DB01137,DB00358,20
DB06708,DB00949,20
DB01155,DB06825,20
DB01182,DB00556,20
DB00757,DB01242,20
DB04855,DB01165,20
DB04844,DB00529,20
DB06708,DB02546,20
DB00014,DB01274,20
DB00757,DB00916,20
DB00757,DB00915,20
DB08865,DB00697,20
DB08865,DB00691,20
DB00308,DB00582,20
DB00420,DB00104,20
DB01224,DB00374,20
DB04844,DB00743,20
DB01267,DB01036,20
DB06589,DB00691,20
DB01137,DB00374,20
DB00875,DB01167,20
DB00875,DB01165,20
DB01155,DB00697,20
DB00261,DB00450,20
DB01155,DB00927,20
DB06216,DB00818,20
DB00743,DB05039,20
DB00014,DB00270,20
DB01211,DB00289,20
DB09039,DB01233,20
DB04946,DB09082,20
DB09039,DB01236,20
DB04946,DB09080,20
DB01211,DB01155,20
DB01624,DB00726,20
DB01211,DB01151,20
DB09063,DB01069,20
DB00489,DB06603,20
DB01175,DB00871,20
DB09083,DB00908,20
DB09083,DB00679,20
DB00976,DB01274,20
DB01224,DB09080,20
DB00608,DB00398,20
DB08865,DB01075,20
DB01195,DB00710,20
DB01195,DB00714,20
DB06603,DB06825,20
DB00014,DB05039,20
DB01267,DB00346,20
DB00904,DB00458,20
DB01155,DB01036,20
DB01035,DB00927,20
DB01232,DB01623,20
DB00679,DB01036,20
DB00472,DB06699,20
DB00204,DB00104,20
DB00472,DB00938,20
DB08903,DB00270,20
DB01184,DB00726,20
DB00472,DB00934,20
DB01087,DB00656,20
DB09063,DB00557,20
DB09063,DB00556,20
DB01232,DB00289,20
DB04946,DB00270,20
DB00539,DB00477,20
DB00218,DB01623,20
DB01267,DB08903,20
DB00537,DB01036,20
DB01165,DB01274,20
DB01169,DB00374,20
DB01155,DB00346,20
DB01169,DB00370,20
DB08865,DB08868,20
DB00261,DB00218,20
DB01169,DB01356,20
DB00679,DB00927,20
DB06708,DB00556,20
DB06708,DB00557,20
DB00308,DB00218,20
DB00477,DB00014,20
DB01087,DB00529,20
DB00468,DB00370,20
DB00420,DB00927,20
DB01267,DB01591,20
DB00263,DB00199,20
DB00743,DB08871,20
DB00215,DB00753,20
DB01232,DB04953,20
DB00280,DB00656,20
DB08903,DB06402,20
DB00333,DB00674,20
DB00263,DB06663,20
DB04844,DB00196,20
DB00908,DB02546,20
DB04844,DB00199,20
DB00199,DB00557,20
DB09063,DB06788,20
DB00468,DB00808,20
DB01624,DB00934,20
DB01624,DB00938,20
DB01211,DB02546,20
DB00904,DB00934,20
DB00904,DB00938,20
DB00743,DB00726,20
DB00204,DB00949,20
DB00263,DB00503,20
DB00308,DB01165,20
DB00308,DB01167,20
DB00539,DB09078,20
DB04855,DB00374,20
DB01267,DB00976,20
DB01169,DB01137,20
DB00889,DB00502,20
DB00976,DB02546,20
DB00280,DB08864,20
DB04855,DB00196,20
DB00738,DB01242,20
DB05294,DB00440,20
DB06697,DB01242,20
DB00743,DB01236,20
DB00743,DB01233,20
DB00565,DB01111,21
DB13450,DB09104,21
DB01245,DB01377,21
DB01336,DB00254,21
DB01336,DB09104,21
DB01226,DB00996,21
DB00202,DB09104,21
DB00565,DB00908,21
DB01226,DB01028,21
DB00565,DB00618,21
DB01336,DB01356,21
DB01337,DB00781,21
DB01226,DB01023,21
DB00728,DB00618,21
DB00732,DB01190,21
DB00657,DB00694,21
DB13450,DB00908,21
DB01226,DB00908,21
DB01226,DB00512,21
DB00732,DB00381,21
DB00732,DB01427,21
DB01339,DB00254,21
DB00657,DB00781,21
DB01336,DB00512,21
DB13450,DB00512,21
DB01135,DB01627,21
DB01245,DB01017,21
DB01337,DB01356,21
DB13450,DB01017,21
DB01226,DB01236,21
DB00829,DB08987,49
DB00328,DB06736,49
DB00564,DB09345,49
DB01229,DB06263,49
DB00328,DB06739,49
DB09345,DB01069,49
DB01221,DB00356,49
DB00418,DB01069,49
DB00418,DB01068,49
DB06288,DB00949,49
DB00804,DB01227,49
DB00949,DB05246,49
DB01142,DB09071,49
DB06594,DB00395,49
DB00669,DB01063,49
DB00318,DB00391,49
DB01349,DB01009,49
DB00231,DB00181,49
DB00472,DB00752,49
DB01087,DB00750,49
DB00802,DB09345,49
DB01435,DB11921,49
DB00669,DB01069,49
DB00231,DB00189,49
DB00802,DB09342,49
DB00744,DB00620,49
DB01186,DB01127,49
DB00433,DB00831,49
DB01186,DB01129,49
DB01186,DB01128,49
DB00214,DB00903,49
DB00433,DB00835,49
DB00953,DB00477,49
DB00246,DB01614,49
DB01595,DB08815,49
DB01250,DB08994,49
DB00231,DB01588,49
DB00231,DB01587,49
DB08880,DB01234,49
DB00246,DB01618,49
DB00313,DB00575,49
DB01437,DB00423,49
DB09225,DB00771,49
DB01437,DB00427,49
DB00899,DB00395,49
DB00899,DB00391,49
DB00237,DB00363,49
DB00899,DB00393,49
DB01050,DB06736,49
DB00472,DB00344,49
DB00313,DB01544,49
DB09292,DB01612,49
DB00340,DB01452,49
DB00362,DB00555,49
DB00482,DB00838,49
DB01151,DB01622,49
DB08922,DB00949,49
DB06201,DB00875,49
DB00461,DB08991,49
DB00842,DB00656,49
DB00454,DB00625,49
DB01009,DB00687,49
DB00542,DB04861,49
DB00206,DB01081,49
DB09292,DB00264,49
DB00599,DB06288,49
DB00215,DB00813,49
DB00457,DB09038,49
DB08922,DB01018,49
DB00949,DB01151,49
DB01240,DB00861,49
DB01229,DB00888,49
DB00178,DB01024,49
DB00457,DB00519,49
DB00178,DB01023,49
DB00178,DB01020,49
DB00189,DB12532,49
DB09216,DB09084,49
DB01229,DB00880,49
DB01229,DB00883,49
DB00768,DB00547,49
DB01229,DB00887,49
DB00310,DB00519,49
DB01544,DB00949,49
DB01247,DB06700,49
DB00363,DB00703,49
DB00363,DB00700,49
DB00310,DB00511,49
DB01197,DB01014,49
DB00363,DB00708,49
DB00246,DB09286,49
DB01339,DB00802,49
DB00732,DB01199,49
DB01039,DB01076,49
DB00186,DB00909,49
DB01229,DB01280,49
DB01192,DB01395,49
DB00668,DB00865,49
DB09242,DB06292,49
DB00668,DB00867,49
DB01189,DB09085,49
DB00244,DB00703,49
DB00712,DB00253,49
DB00187,DB00594,49
DB00333,DB01221,49
DB00296,DB08931,49
DB06820,DB01244,49
DB00768,DB04841,49
DB00962,DB08815,49
DB09292,DB00489,49
DB00681,DB01396,49
DB12532,DB00252,49
DB09292,DB00484,49
DB01240,DB00727,49
DB09292,DB00482,49
DB09009,DB09017,49
DB00418,DB01567,49
DB00747,DB04841,49
DB00802,DB01018,49
DB00747,DB04844,49
DB00784,DB06786,49
DB00409,DB00575,49
DB01180,DB00963,49
DB01034,DB01115,49
DB00178,DB09218,49
DB08822,DB00768,49
DB00924,DB00356,49
DB09289,DB01247,49
DB06772,DB00635,49
DB00178,DB09215,49
DB06772,DB00631,49
DB09279,DB09212,49
DB09279,DB09215,49
DB09279,DB09216,49
DB00461,DB06737,49
DB09279,DB09218,49
DB00461,DB06739,49
DB06201,DB00555,49
DB00189,DB00849,49
DB00802,DB00771,49
DB00625,DB00835,49
DB01169,DB01275,49
DB01197,DB00768,49
DB00323,DB01612,49
DB01466,DB00524,49
DB06700,DB00420,49
DB00881,DB00586,49
DB00404,DB01567,49
DB00542,DB06736,49
DB01198,DB01142,49
DB00753,DB13323,49
DB01233,DB04946,49
DB00699,DB00641,49
DB01435,DB05676,49
DB00699,DB00647,49
DB00232,DB01023,49
DB06282,DB08872,49
DB09017,DB00754,49
DB00864,DB06813,49
DB00206,DB00436,49
DB04948,DB09286,49
DB00206,DB00434,49
DB00588,DB01068,49
DB00490,DB00949,49
DB00206,DB00433,49
DB00424,DB06738,49
DB00861,DB01077,49
DB00999,DB01092,49
DB01247,DB01162,49
DB01175,DB00298,49
DB04878,DB00230,50
DB01124,DB00230,50
DB08907,DB00230,50
DB06203,DB00230,50
DB00731,DB00230,50
DB01261,DB00230,50
DB09038,DB00230,50
DB01132,DB00230,50
DB01016,DB00230,50
DB04876,DB00230,50
DB00491,DB00230,50
DB01252,DB00230,50
DB01120,DB00230,50
DB06335,DB00230,50
DB00284,DB00230,50
DB00331,DB00230,50
DB00839,DB00230,50
DB00419,DB00230,50
DB00912,DB00230,50
DB01067,DB00230,50
DB01251,DB00230,50
DB00914,DB00230,50
DB08882,DB00230,50
DB00672,DB00230,50
DB00222,DB00230,50
DB00412,DB00230,50
DB01070,DB01021,51
DB06410,DB00232,51
DB00153,DB01324,51
DB00539,DB00310,51
DB00146,DB00999,51
DB06410,DB01324,51
DB01070,DB00774,51
DB02300,DB00774,51
DB00910,DB00880,51
DB06410,DB00808,51
DB06410,DB01325,51
DB00146,DB01406,51
DB00910,DB00774,51
DB00910,DB01021,51
DB02300,DB00880,51
DB00539,DB01325,51
DB00539,DB00436,51
DB01070,DB01325,51
DB00153,DB01325,51
DB00153,DB00774,51
DB00539,DB00524,51
DB00153,DB00808,51
DB00910,DB01406,51
DB00153,DB01021,51
DB00910,DB00232,51
DB02300,DB00436,51
DB01070,DB00999,51
DB00539,DB00880,51
DB00910,DB00310,51
DB02300,DB00232,51
DB02300,DB01324,51
DB02300,DB01325,51
DB00146,DB00774,51
DB00539,DB01021,51
DB00146,DB00436,51
DB00153,DB00310,51
DB00146,DB01324,51
DB00146,DB01325,51
DB01070,DB01406,51
DB00193,DB00904,52
DB06204,DB11699,52
DB06204,DB00889,52
DB00193,DB00889,52
DB00193,DB11699,52
DB00193,DB00757,52
DB01551,DB00908,52
DB00193,DB00377,52
DB06204,DB00757,52
DB08439,DB01104,53
DB00945,DB06700,53
DB02709,DB00932,53
DB00482,DB00285,53
DB08439,DB00215,53
DB00775,DB01088,53
DB01207,DB00235,53
DB06441,DB01088,53
DB08954,DB05266,53
DB05266,DB09211,53
DB06441,DB00806,53
DB00482,DB00215,53
DB05266,DB00932,53
DB08954,DB01088,53
DB09283,DB00972,53
DB08816,DB00806,53
DB01628,DB08918,53
DB00975,DB01296,53
DB08954,DB00770,53
DB00261,DB00163,53
DB01283,DB01149,53
DB01236,DB00770,53
DB00208,DB01296,53
DB09283,DB01240,53
DB00235,DB01240,53
DB00975,DB00374,53
DB07615,DB09211,53
DB08887,DB00972,53
DB00945,DB00715,53
DB08954,DB00374,53
DB01166,DB01088,53
DB08887,DB00163,53
DB06441,DB01240,53
DB00751,DB00163,53
DB00461,DB08918,53
DB00972,DB00235,53
DB00770,DB01240,53
DB00758,DB00806,53
DB01236,DB01296,53
DB00261,DB01296,53
DB01236,DB00235,53
DB04743,DB01236,53
DB00770,DB01088,53
DB00261,DB00806,53
DB08954,DB00163,53
DB07615,DB05266,53
DB01283,DB00715,53
DB00235,DB00806,53
DB02709,DB01207,53
DB00770,DB00751,53
DB01628,DB06700,53
DB01207,DB01088,53
DB04743,DB01296,53
DB08887,DB00770,53
DB05266,DB01207,53
DB00749,DB06700,53
DB00749,DB01104,53
DB00482,DB01104,53
DB05266,DB00770,53
DB01088,DB00374,53
DB06441,DB00932,53
DB00945,DB01175,53
DB00945,DB00476,53
DB02709,DB01240,53
DB07615,DB00751,53
DB00945,DB00472,53
DB08887,DB00374,53
DB08887,DB01088,53
DB00945,DB08918,53
DB06209,DB00163,53
DB01236,DB01207,53
DB02709,DB01088,53
DB02709,DB00235,53
DB08814,DB00806,53
DB08887,DB01240,53
DB06441,DB00374,53
DB01203,DB09063,54
DB00975,DB01295,54
DB00975,DB00866,54
DB00975,DB01297,54
DB04855,DB08808,54
DB00202,DB06204,54
DB00661,DB01118,54
DB01057,DB00960,54
DB01043,DB00612,54
DB01043,DB00598,54
DB00981,DB01210,54
DB01118,DB00571,54
DB00280,DB00571,54
DB04855,DB00373,54
DB00373,DB00511,54
DB00813,DB00571,54
DB01118,DB00598,54
DB00802,DB01136,54
DB01199,DB00187,54
DB00772,DB01359,54
DB00358,DB04846,54
DB00674,DB01580,54
DB00843,DB08807,54
DB00968,DB04855,54
DB00575,DB09083,54
DB00436,DB06663,54
DB00975,DB01203,54
DB00335,DB06663,54
DB01297,DB00211,54
DB00633,DB08868,54
DB01182,DB06791,54
DB00960,DB09063,54
DB00104,DB00373,54
DB00843,DB00571,54
DB01057,DB04861,54
DB00437,DB09275,67
DB00254,DB08938,67
DB00735,DB00364,67
DB00933,DB13595,67
DB00857,DB00364,67
DB09561,DB01592,67
DB09561,DB01370,67
DB01137,DB09281,67
DB09162,DB00927,67
DB09093,DB09104,67
DB00623,DB09281,67
DB00779,DB01390,67
DB01155,DB08938,67
DB09561,DB01164,67
DB01155,DB11093,67
DB01112,DB00940,67
DB00437,DB06723,67
DB04576,DB00258,67
DB00362,DB00900,67
DB01137,DB09104,67
DB01254,DB01390,67
DB01254,DB01377,67
DB01243,DB00364,67
DB00467,DB13142,67
DB01254,DB13595,67
DB01254,DB01370,67
DB01059,DB03754,67
DB01044,DB11348,67
DB00618,DB09281,67
DB00685,DB06724,67
DB00872,DB11614,73
DB08860,DB01275,73
DB00921,DB09330,73
DB08932,DB09048,73
DB00511,DB01211,73
DB00568,DB01589,73
DB04951,DB00238,73
DB00997,DB06636,73
DB01393,DB00673,73
DB01273,DB01208,73
DB00656,DB01264,73
DB01424,DB08881,73
DB01324,DB12278,73
DB06414,DB00400,73
DB00243,DB01086,73
DB00774,DB00908,73
DB00997,DB00678,73
DB08901,DB08881,73
DB08901,DB08880,73
DB00997,DB00673,73
DB00997,DB00672,73
DB00997,DB00675,73
DB09143,DB00582,73
DB06148,DB06603,73
DB00420,DB09118,73
DB01129,DB00673,73
DB00512,DB08797,73
DB00866,DB01182,73
DB09343,DB00242,73
DB01105,DB01254,73
DB00822,DB08933,73
DB05271,DB06290,73
DB08905,DB00977,73
DB08905,DB00976,73
DB01192,DB00673,73
DB09262,DB01264,73
DB06700,DB06717,73
DB00641,DB00624,73
DB01069,DB06603,73
DB00448,DB06717,73
DB00468,DB09280,73
DB00468,DB09281,73
DB00540,DB01319,73
DB01325,DB01116,73
DB01030,DB00027,73
DB06781,DB09070,73
DB01319,DB01601,75
DB04839,DB00949,75
DB09280,DB01544,75
DB08912,DB01229,75
DB00648,DB00514,75
DB08912,DB01224,75
DB01320,DB00444,75
DB00648,DB00518,75
DB00584,DB00495,75
DB08912,DB01221,75
DB01320,DB00443,75
DB08912,DB01223,75
DB00816,DB01021,83
DB00959,DB00999,83
DB00588,DB01324,83
DB00588,DB01325,83
DB00588,DB00880,83
DB08970,DB00310,83
DB01410,DB00903,83
DB00741,DB01325,83
DB06262,DB00808,83
DB00596,DB00436,83
DB01151,DB01365,84
DB01151,DB00211,84
DB09167,DB00211,84
DB00924,DB00388,84
DB00543,DB00610,84
DB09167,DB00723,84
DB00726,DB00388,84
DB01142,DB00388,84
DB00458,DB00610,84
DB00458,DB01365,84
DB09289,DB00723,84
DB00486,DB00397,85
DB00804,DB00470,85
DB00476,DB01274,85
DB04896,DB04861,85
DB06700,DB00449,85
DB08918,DB00867,85
DB00483,DB00486,85
DB04896,DB01064,85
DB01337,DB00470,85
DB04896,DB00397,85
DB00289,DB05039,85
DB00486,DB00816,85
DB00437,DB00584,86
DB00437,DB00999,86
DB00437,DB00808,86
DB00437,DB00436,86
DB00437,DB00774,86
DB00437,DB00524,86
DB00437,DB01197,86
DB00437,DB00542,86
DB00437,DB00492,86
DB00437,DB09477,86
DB00437,DB00790,86
DB00415,DB00437,86
